State-wise-report July,,,,
Sr.No.,State Name,Project Count,Original (Revised),Expenditure
,,(in no.),Cost (in cr.),Cost (in cr.)
,Maharashtra,182,535255.42 (601442.86),454254.95
,Uttar Pradesh,168,536436.18 (548156.03),342271.33
,Bihar,126,338139.67 (292208.33),187800.74
,Andhra Pradesh,119,283186.58 (272612.62),195586.79
,Madhya Pradesh,118,390076.67 (356952.02),193669.34
,Karnataka,113,293274.81 (242198.55),176779.95
,Odisha,108,305157.53 (261313.62),183622.73
,Jharkhand,103,291510.24 (240249.36),163628.88
,Gujarat,99,463616.39 (503175.72),418591.89
,West Bengal,78,232645.9 (184454.21),141576.32
,Chhattisgarh,77,237317.76 (185007.66),140530.15
,Assam,76,203460.11 (189628.59),167803.92
,Telangana,75,202755.04 (156938.14),111438.38
,Rajasthan,74,316591.24 (332166.69),272259.78
,Tamil Nadu,65,220043.25 (221723.72),106817.51
,Punjab,53,170769.4 (120178.12),118033.04
,Uttarakhand,52,146179.29 (96740.21),103701.12
,Jammu & Kashmir,52,172125.46 (119458.58),114037.36
,Manipur,40,144492.91 (94399.49),111448.86
,Haryana,39,234235.61 (254819.13),240928.74
,Himachal Pradesh,37,143839.41 (96645.29),102900.15
,Kerala,37,184024.2 (134483.68),128395.07
,Arunachal Pradesh,28,191374.31 (156136.84),123875.42
,Nagaland,27,129193.98 (80660.77),93688.27
,Mizoram,24,128119.18 (70384.69),88640.23
,Meghalaya,22,125233.08 (66616.46),88358.56
,Sikkim,21,134454.41 (84759),107502.01
,Delhi,19,107657.09 (111475.47),58309.55
,Tripura,17,131859.11 (74046.8),93385.17
,Puducherry,9,73855.07 (26440.31),55581.34
,Goa,9,35071.43 (23924.15),9844.83
,Ladakh,9,52745.96 (41982.8),31642.63
,Andaman & Nicobar,9,112782.54 (53907.01),79168.67
,Dadra & Nagar Haveli and Daman & Diu,7,203120.93 (144581.78),150644.49
,Chandigarh,3,88070.13 (28746.97),57940.41
,Lakshadweep,2,22819.69 (22819.69),21099.62
State-wise-report June,,,,
,,,,
,Maharashtra,194,571117.77 (815290.57),459002.03
,Uttar Pradesh,170,441003.08 (638282.35),302866.4
,Andhra Pradesh,128,277158.69 (453184.41),194665.66
,Bihar,128,305608.68 (445838.21),226732.2
,Karnataka,123,283484.7 (429677.74),181046.19
,Madhya Pradesh,119,356364.49 (493723.11),168773.96
,Gujarat,110,455200.03 (674691.66),475028.41
,Odisha,107,272475.09 (412828.64),233372.65
,Jharkhand,102,259360.86 (395966.01),142774.18
,Assam,85,180719.01 (346397.51),154385.16
,Telangana,83,171412.07 (316440.74),98102.06
,West Bengal,81,205345.79 (346201.04),133846.35
,Rajasthan,76,266039.71 (465524.18),247042.72
,Chhattisgarh,76,201072.2 (334997.67),111839.71
,Tamil Nadu,61,169522.68 (179093.24),75074.76
,Punjab,56,150113.33 (283672.94),106135.55
,Jammu & Kashmir,50,122485.45 (255673.73),84579.7
,Uttarakhand,49,133826.93 (270734.79),102065.57
,Haryana,40,223659.87 (430125.62),244013.61
,Manipur,38,104099.35 (240219.97),87387.17
,Himachal Pradesh,37,108271.19 (245446.58),80182.02
,Kerala,35,137688.29 (276750.51),102857.28
,Arunachal Pradesh,27,151477.22 (302369.46),99006.4
,Nagaland,26,90924.12 (219957.84),70816.39
,Delhi,23,121760.37 (125613.98),60141.2
,Mizoram,22,88125.62 (216605.29),64475.79
,Meghalaya,21,93563.8 (221051.82),65796.28
,Sikkim,19,95068.85 (231598.79),82982.58
,Tripura,14,82600.55 (211002.4),62613.92
,Goa,10,14559.92 (14713.93),7795.33
,Puducherry,9,73855.07 (200963.76),54955.97
,Ladakh,6,2634.4 (2794.4),2028.83
,Andaman & Nicobar,6,62617.98 (189956.61),49254.19
,Dadra & Nagar Haveli and Daman & Diu,5,171861.93 (299536.94),141356.19
,Chandigarh,2,61754.13 (188645.13),49216.84
,Lakshadweep,1,645.13 (645.13),407.15
State-wise-report May,,,,
,Maharashtra,205,521462.52 (642158.98),407388.94
,Uttar Pradesh,184,388034.22 (457808.07),248166.69
,Andhra Pradesh,143,228642.93 (278504.38),146835.88
,Bihar,139,258849.5 (269682.21),170070.61
,Karnataka,125,223763.73 (243500.03),114679.26
,Madhya Pradesh,123,301111.72 (312601.55),118661.28
,Gujarat,120,404930.59 (502546.03),429751.34
,Odisha,111,215275.01 (228930.81),180899.67
,Jharkhand,106,203350.13 (212112.6),87777.1
,Telangana,92,116841.13 (135482.35),51868.95
,Assam,88,121578.03 (160340.31),103212.42
,Rajasthan,82,255345.98 (366860.72),272514.02
,West Bengal,80,144731.31 (158710.71),80039.81
,Chhattisgarh,78,140560.91 (147724.61),60132.72
,Tamil Nadu,70,179008.86 (189153.21),72169.19
,Punjab,56,90524.59 (97124.01),48544.54
,Uttarakhand,51,73824.5 (83906.8),52477.24
,Jammu & Kashmir,50,61860.01 (68087.56),32966.1
,Haryana,42,166649.08 (246619.49),189761.75
,Manipur,36,42345.22 (51574.84),37353.36
,Himachal Pradesh,34,45627.3 (55947.21),25641.19
,Kerala,33,75934.16 (88105.38),32060.72
,Mizoram,26,29668.37 (31401.6),15225.68
,Nagaland,26,30182.31 (32325.03),20517.04
,Arunachal Pradesh,25,89510.4 (113511.64),49441.08
,Delhi,24,124061.9 (128955.94),60482.4
,Meghalaya,19,31809.67 (32406.69),15755.49
,Sikkim,17,33314.72 (42915.98),33457.38
,Tripura,13,21323.04 (22858.42),13713.62
,Goa,9,10428.48 (10582.49),6890.31
,Puducherry,6,8358.94 (8576.63),4070.73
,Ladakh,5,1989.27 (2149.27),1470.74
,Andaman & Nicobar,4,863.85 (1311.48),37.35
,Dadra & Nagar Haveli and Daman & Diu,3,110107.8 (110891.81),91712.36
State-wise-report April,,,,
,Maharashtra,213,542567.88 (667045.23),431680.03
,Uttar Pradesh,182,401452.12 (476742.08),266899.6
,Andhra Pradesh,142,218753.69 (271824.5),146693.06
,Bihar,133,257120.33 (267926.01),105218.06
,Madhya Pradesh,125,309604.06 (322477.61),124125.98
,Karnataka,123,222193.94 (241138.68),113040.36
,Gujarat,123,425591.21 (527736.01),388320.33
,Odisha,113,223598.41 (239874.32),125308.58
,Jharkhand,105,201577.27 (212549.1),87527.84
,Telangana,91,87533.63 (107153.24),52339.46
,Assam,90,122133.56 (158231.93),102650.67
,West Bengal,82,147446.81 (161399.17),79608.82
,Rajasthan,81,255480.73 (366995.47),272004.83
,Chhattisgarh,78,145258.09 (156041.9),66976.2
,Tamil Nadu,70,177373.73 (187518.08),71112.04
,Punjab,56,90524.59 (97124.01),47644.83
,Uttarakhand,51,73824.5 (83906.8),51788.57
,Jammu & Kashmir,47,60382.03 (66609.58),31898.6
,Haryana,42,166649.08 (246619.49),188087
,Manipur,36,42345.22 (51574.84),37075.91
,Himachal Pradesh,34,45627.3 (55947.21),25144.55
,Kerala,33,75934.16 (88105.38),31194.14
,Arunachal Pradesh,25,89510.4 (114490.51),49213.84
,Mizoram,25,29497.41 (31230.64),15194.92
,Nagaland,25,29857.31 (32000.03),20074.39
,Delhi,24,124061.9 (128955.94),58781.19
,Meghalaya,18,31620.67 (33009.19),15612.23
,Sikkim,17,33314.72 (42915.98),33117.78
,Tripura,13,21323.04 (22858.42),13645.42
,Goa,8,9681.73 (9835.74),6860.9
,Puducherry,6,8358.94 (8576.63),4021.18
,Dadra & Nagar Haveli and Daman & Diu,5,114864.06 (115648.07),95774.45
,Andaman & Nicobar,4,863.85 (1291.36),0
,Ladakh,4,1664.27 (1824.27),1326.9
State-wise-report March,,,,
,Maharashtra,212,542172.58 (666446.46),428925.08
,Uttar Pradesh,177,396749.25 (472008.46),262117.33
,Andhra Pradesh,138,211024.61 (264097.7),143210.64
,Bihar,129,246061.51 (256634.85),102049.23
,Madhya Pradesh,123,307764.77 (318694.68),121098.26
,Gujarat,122,421445.52 (523895.4),383975.92
,Karnataka,118,197250.72 (216195.46),109559.32
,Odisha,108,209629.14 (225905.05),122551.83
,Jharkhand,104,201981.94 (212953.77),86550.63
,Telangana,89,85852 (105464.41),51531.67
,Assam,88,120333.35 (156431.72),100535.52
,West Bengal,84,150362.19 (164314.55),79175.37
,Rajasthan,81,250081.55 (361596.29),267985.62
,Chhattisgarh,78,145258.09 (155650.93),65870.18
,Tamil Nadu,70,176925.25 (185610.61),68652.31
,Punjab,53,86902.9 (93488.75),44058.79
,Uttarakhand,51,73824.5 (83851.77),51397.53
,Jammu & Kashmir,47,60382.03 (66609.58),31106.24
,Haryana,43,166862.27 (246832.68),186922.28
,Manipur,36,42345.22 (51574.84),36934.81
,Kerala,32,72129.16 (83910.38),29787.27
,Himachal Pradesh,32,42738.35 (53032.35),22247.89
,Mizoram,25,29497.41 (31230.64),15053.26
,Nagaland,25,29857.31 (32000.03),19738.13
,Delhi,23,123354.9 (128248.94),57607.13
,Arunachal Pradesh,22,66941.63 (91921.74),48506.43
,Sikkim,17,33314.72 (42915.98),32720.04
,Meghalaya,16,21991.77 (23362.29),13943.25
,Tripura,13,21323.04 (22858.42),13214.17
,Goa,7,7789.73 (7943.74),6800.9
,Puducherry,6,8358.94 (8576.63),3952.36
,Dadra & Nagar Haveli and Daman & Diu,5,114864.06 (115648.07),95662.59
,Andaman & Nicobar,4,863.85 (1291.36),0
,Ladakh,4,1664.27 (1824.27),1326.9
State-wise-report Feb,,,,
,Maharashtra,215,545731.48 (670461.98),424126.28
,Uttar Pradesh,180,429013.4 (504586.99),286639.37
,Andhra Pradesh,141,207321 (260802.22),135941.47
,Gujarat,127,429276.67 (531759.28),383145.07
,Bihar,125,240033.81 (249863.59),96430.33
,Madhya Pradesh,125,311491.93 (324070.84),120464
,Karnataka,121,201206.49 (221539.6),106628.39
,Odisha,108,209683.81 (226185.72),117770.33
,Jharkhand,103,200605.38 (211472.19),84515.18
,Assam,89,120747.03 (156799.83),98670.14
,Telangana,88,85474.18 (105123.11),47566.19
,West Bengal,86,151520.45 (165472.81),78190.43
,Rajasthan,81,250247.95 (361726.93),264451.69
,Chhattisgarh,79,145607.84 (156000.68),63138.07
,Tamil Nadu,70,176320.25 (182712.87),63410.1
,Punjab,54,88428.21 (95425.29),45296.37
,Jammu & Kashmir,49,62939.64 (69316.15),30884.54
,Uttarakhand,48,76978.62 (91601.92),56935.86
,Haryana,44,167232.27 (247202.68),185792.8
,Manipur,34,41306.42 (50536.04),35718.08
,Himachal Pradesh,33,45165.7 (55291.16),22437.9
,Kerala,31,70697.16 (80124.93),26185.09
,Mizoram,25,29497.41 (31230.64),14822.93
,Nagaland,25,29857.31 (32000.03),19497.61
,Delhi,24,153628.9 (158522.94),81628.2
,Arunachal Pradesh,22,66941.63 (91921.74),47744.71
,Sikkim,17,33314.72 (42915.98),32007.15
,Meghalaya,15,21497.25 (22932.59),13294.61
,Tripura,13,21323.04 (22858.42),13038.77
,Goa,7,7789.73 (7943.74),6782.69
,Puducherry,6,8358.94 (8576.63),3736.95
,Dadra & Nagar Haveli and Daman & Diu,5,114864.06 (115648.07),92998.89
,Andaman & Nicobar,4,863.85 (1291.36),0
,Ladakh,4,1602.79 (1727.03),1276.19
