month,state,project_count,original_cost_cr,revised_cost_cr,expenditure_cr,cost_overrun_pct
Feb,Andaman & Nicobar,4,863.85,1291.36,0.0,49.4889158997511
March,Andaman & Nicobar,4,863.85,1291.36,0.0,49.4889158997511
April,Andaman & Nicobar,4,863.85,1291.36,0.0,49.4889158997511
May,Andaman & Nicobar,4,863.85,1311.48,37.35,51.818023962493484
June,Andaman & Nicobar,6,62617.98,189956.61,49254.19,203.35793329647487
July,Andaman & Nicobar,9,112782.54,53907.01,79168.67,-52.20269910573037
Feb,Andhra Pradesh,141,207321.0,260802.22,135941.47,25.79633515176948
March,Andhra Pradesh,138,211024.61,264097.7,143210.64,25.150189828570248
April,Andhra Pradesh,142,218753.69,271824.5,146693.06,24.260532473760783
May,Andhra Pradesh,143,228642.93,278504.38,146835.88,21.80756256053927
June,Andhra Pradesh,128,277158.69,453184.41,194665.66,63.51080675117925
July,Andhra Pradesh,119,283186.58,272612.62,195586.79,-3.7339198771354276
Feb,Arunachal Pradesh,22,66941.63,91921.74,47744.71,37.31625596807248
March,Arunachal Pradesh,22,66941.63,91921.74,48506.43,37.31625596807248
April,Arunachal Pradesh,25,89510.4,114490.51,49213.84,27.907494548119548
May,Arunachal Pradesh,25,89510.4,113511.64,49441.08,26.81391212641213
June,Arunachal Pradesh,27,151477.22,302369.46,99006.4,99.6138165197381
July,Arunachal Pradesh,28,191374.31,156136.84,123875.42,-18.412852801402654
Feb,Assam,89,120747.03,156799.83,98670.14,29.85812570296759
March,Assam,88,120333.35,156431.72,100535.52,29.99864127442641
April,Assam,90,122133.56,158231.93,102650.67,29.556470801309644
May,Assam,88,121578.03,160340.31,103212.42,31.88263537417081
June,Assam,85,180719.01,346397.51,154385.16,91.67740571398659
July,Assam,76,203460.11,189628.59,167803.92,-6.798148295506176
Feb,Bihar,125,240033.81,249863.59,96430.33,4.095164760331055
March,Bihar,129,246061.51,256634.85,102049.23,4.2970312585662
April,Bihar,133,257120.33,267926.01,105218.06,4.202577057986828
May,Bihar,139,258849.5,269682.21,170070.61,4.18494530605623
June,Bihar,128,305608.68,445838.21,226732.2,45.88532302158435
July,Bihar,126,338139.67,292208.33,187800.74,-13.583540789520487
June,Chandigarh,2,61754.13,188645.13,49216.84,205.47775509103602
July,Chandigarh,3,88070.13,28746.97,57940.41,-67.3590012868154
Feb,Chhattisgarh,79,145607.84,156000.68,63138.07,7.137555230542529
March,Chhattisgarh,78,145258.09,155650.93,65870.18,7.154740916667703
April,Chhattisgarh,78,145258.09,156041.9,66976.2,7.4238963213683995
May,Chhattisgarh,78,140560.91,147724.61,60132.72,5.0965094064914505
June,Chhattisgarh,76,201072.2,334997.67,111839.71,66.60566204577259
July,Chhattisgarh,77,237317.76,185007.66,140530.15,-22.042218837730477
Feb,Dadra & Nagar Haveli and Daman & Diu,5,114864.06,115648.07,92998.89,0.6825546650536376
March,Dadra & Nagar Haveli and Daman & Diu,5,114864.06,115648.07,95662.59,0.6825546650536376
April,Dadra & Nagar Haveli and Daman & Diu,5,114864.06,115648.07,95774.45,0.6825546650536376
May,Dadra & Nagar Haveli and Daman & Diu,3,110107.8,110891.81,91712.36,0.7120385658418339
June,Dadra & Nagar Haveli and Daman & Diu,5,171861.93,299536.94,141356.19,74.28929140967986
July,Dadra & Nagar Haveli and Daman & Diu,7,203120.93,144581.78,150644.49,-28.81985130729758
Feb,Delhi,24,153628.9,158522.94,81628.2,3.1856245797503
March,Delhi,23,123354.9,128248.94,57607.13,3.967446773496641
April,Delhi,24,124061.9,128955.94,58781.19,3.944837214326081
May,Delhi,24,124061.9,128955.94,60482.4,3.944837214326081
June,Delhi,23,121760.37,125613.98,60141.2,3.1649131815220346
July,Delhi,19,107657.09,111475.47,58309.55,3.5467984505247214
Feb,Goa,7,7789.73,7943.74,6782.69,1.9770903484459696
March,Goa,7,7789.73,7943.74,6800.9,1.9770903484459696
April,Goa,8,9681.73,9835.74,6860.9,1.5907281033451688
May,Goa,9,10428.48,10582.49,6890.31,1.4768211666513262
June,Goa,10,14559.92,14713.93,7795.33,1.05776680091649
July,Goa,9,35071.43,23924.15,9844.83,-31.784503796965218
Feb,Gujarat,127,429276.67,531759.28,383145.07,23.87332393349027
March,Gujarat,122,421445.52,523895.4,383975.92,24.309163376561695
April,Gujarat,123,425591.21,527736.01,388320.33,24.000683660736318
May,Gujarat,120,404930.59,502546.03,429751.34,24.10670925108424
June,Gujarat,110,455200.03,674691.66,475028.41,48.2187204601019
July,Gujarat,99,463616.39,503175.72,418591.89,8.532772104972379
Feb,Haryana,44,167232.27,247202.68,185792.8,47.819963216429464
March,Haryana,43,166862.27,246832.68,186922.28,47.92599908894923
April,Haryana,42,166649.08,246619.49,188087.0,47.987309620911205
May,Haryana,42,166649.08,246619.49,189761.75,47.987309620911205
June,Haryana,40,223659.87,430125.62,244013.61,92.31238040154454
July,Haryana,39,234235.61,254819.13,240928.74,8.787528079099511
Feb,Himachal Pradesh,33,45165.7,55291.16,22437.9,22.4184724248711
March,Himachal Pradesh,32,42738.35,53032.35,22247.89,24.086095977032336
April,Himachal Pradesh,34,45627.3,55947.21,25144.55,22.617840634883056
May,Himachal Pradesh,34,45627.3,55947.21,25641.19,22.617840634883056
June,Himachal Pradesh,37,108271.19,245446.58,80182.02,126.69611371224421
July,Himachal Pradesh,37,143839.41,96645.29,102900.15,-32.8102847474138
Feb,Jammu & Kashmir,49,62939.64,69316.15,30884.54,10.131151052023805
March,Jammu & Kashmir,47,60382.03,66609.58,31106.24,10.313581706345419
April,Jammu & Kashmir,47,60382.03,66609.58,31898.6,10.313581706345419
May,Jammu & Kashmir,50,61860.01,68087.56,32966.1,10.067166170842835
June,Jammu & Kashmir,50,122485.45,255673.73,84579.7,108.73804194702312
July,Jammu & Kashmir,52,172125.46,119458.58,114037.36,-30.59796034822506
Feb,Jharkhand,103,200605.38,211472.19,84515.18,5.417008257704752
March,Jharkhand,104,201981.94,212953.77,86550.63,5.43208467054034
April,Jharkhand,105,201577.27,212549.1,87527.84,5.442989678350152
May,Jharkhand,106,203350.13,212112.6,87777.1,4.309055519167852
June,Jharkhand,102,259360.86,395966.01,142774.18,52.66991711856601
July,Jharkhand,103,291510.24,240249.36,163628.88,-17.584589824357458
Feb,Karnataka,121,201206.49,221539.6,106628.39,10.105593512416034
March,Karnataka,118,197250.72,216195.46,109559.32,9.604395867350949
April,Karnataka,123,222193.94,241138.68,113040.36,8.526218131781627
May,Karnataka,125,223763.73,243500.03,114679.26,8.820151505340023
June,Karnataka,123,283484.7,429677.74,181046.19,51.5699930190236
July,Karnataka,113,293274.81,242198.55,176779.95,-17.41583602082975
Feb,Kerala,31,70697.16,80124.93,26185.09,13.335429598586407
March,Kerala,32,72129.16,83910.38,29787.27,16.333505062307673
April,Kerala,33,75934.16,88105.38,31194.14,16.02864902963304
May,Kerala,33,75934.16,88105.38,32060.72,16.02864902963304
June,Kerala,35,137688.29,276750.51,102857.28,100.9978553731766
July,Kerala,37,184024.2,134483.68,128395.07,-26.920655000809685
Feb,Ladakh,4,1602.79,1727.03,1276.19,7.751483350906857
March,Ladakh,4,1664.27,1824.27,1326.9,9.613824679889682
April,Ladakh,4,1664.27,1824.27,1326.9,9.613824679889682
May,Ladakh,5,1989.27,2149.27,1470.74,8.043151507839559
June,Ladakh,6,2634.4,2794.4,2028.83,6.0734892195566355
July,Ladakh,9,52745.96,41982.8,31642.63,-20.405657608658554
June,Lakshadweep,1,645.13,645.13,407.15,0.0
July,Lakshadweep,2,22819.69,22819.69,21099.62,0.0
Feb,Madhya Pradesh,125,311491.93,324070.84,120464.0,4.038277974007235
March,Madhya Pradesh,123,307764.77,318694.68,121098.26,3.5513843900976623
April,Madhya Pradesh,125,309604.06,322477.61,124125.98,4.158068857365755
May,Madhya Pradesh,123,301111.72,312601.55,118661.28,3.815802985018324
June,Madhya Pradesh,119,356364.49,493723.11,168773.96,38.54441838467127
July,Madhya Pradesh,118,390076.67,356952.02,193669.34,-8.491830593201065
Feb,Maharashtra,215,545731.48,670461.98,424126.28,22.855654212947364
March,Maharashtra,212,542172.58,666446.46,428925.08,22.921461649720463
April,Maharashtra,213,542567.88,667045.23,431680.03,22.942263003110316
May,Maharashtra,205,521462.52,642158.98,407388.94,23.145759353903316
June,Maharashtra,194,571117.77,815290.57,459002.03,42.753493732124625
July,Maharashtra,182,535255.42,601442.86,454254.95,12.365580529759033
Feb,Manipur,34,41306.42,50536.04,35718.08,22.344274812486784
March,Manipur,36,42345.22,51574.84,36934.81,21.796131889266356
April,Manipur,36,42345.22,51574.84,37075.91,21.796131889266356
May,Manipur,36,42345.22,51574.84,37353.36,21.796131889266356
June,Manipur,38,104099.35,240219.97,87387.17,130.76029773480812
July,Manipur,40,144492.91,94399.49,111448.86,-34.668427675793914
Feb,Meghalaya,15,21497.25,22932.59,13294.61,6.676854016211377
March,Meghalaya,16,21991.77,23362.29,13943.25,6.231967686093482
April,Meghalaya,18,31620.67,33009.19,15612.23,4.391178302041052
May,Meghalaya,19,31809.67,32406.69,15755.49,1.8768506557911493
June,Meghalaya,21,93563.8,221051.82,65796.28,136.25784758635285
July,Meghalaya,22,125233.08,66616.46,88358.56,-46.80601962356911
Feb,Mizoram,25,29497.41,31230.64,14822.93,5.875871813830433
March,Mizoram,25,29497.41,31230.64,15053.26,5.875871813830433
April,Mizoram,25,29497.41,31230.64,15194.92,5.875871813830433
May,Mizoram,26,29668.37,31401.6,15225.68,5.842012891169955
June,Mizoram,22,88125.62,216605.29,64475.79,145.79150762286838
July,Mizoram,24,128119.18,70384.69,88640.23,-45.063112330253745
Feb,Nagaland,25,29857.31,32000.03,19497.61,7.176533987824079
March,Nagaland,25,29857.31,32000.03,19738.13,7.176533987824079
April,Nagaland,25,29857.31,32000.03,20074.39,7.176533987824079
May,Nagaland,26,30182.31,32325.03,20517.04,7.099257810286878
June,Nagaland,26,90924.12,219957.84,70816.39,141.91363083854978
July,Nagaland,27,129193.98,80660.77,93688.27,-37.566154398215765
Feb,Odisha,108,209683.81,226185.72,117770.33,7.869901829807463
March,Odisha,108,209629.14,225905.05,122551.83,7.764144813073208
April,Odisha,113,223598.41,239874.32,125308.58,7.279081277903543
May,Odisha,111,215275.01,228930.81,180899.67,6.343420910768968
June,Odisha,107,272475.09,412828.64,233372.65,51.510598638576454
July,Odisha,108,305157.53,261313.62,183622.73,-14.367631695013403
Feb,Puducherry,6,8358.94,8576.63,3736.95,2.6042775758648666
March,Puducherry,6,8358.94,8576.63,3952.36,2.6042775758648666
April,Puducherry,6,8358.94,8576.63,4021.18,2.6042775758648666
May,Puducherry,6,8358.94,8576.63,4070.73,2.6042775758648666
June,Puducherry,9,73855.07,200963.76,54955.97,172.1055710867243
July,Puducherry,9,73855.07,26440.31,55581.34,-64.19973605061915
Feb,Punjab,54,88428.21,95425.29,45296.37,7.912723778984089
March,Punjab,53,86902.9,93488.75,44058.79,7.578400720804492
April,Punjab,56,90524.59,97124.01,47644.83,7.290195956700823
May,Punjab,56,90524.59,97124.01,48544.54,7.290195956700823
June,Punjab,56,150113.33,283672.94,106135.55,88.97251829667627
July,Punjab,53,170769.4,120178.12,118033.04,-29.625494965725714
Feb,Rajasthan,81,250247.95,361726.93,264451.69,44.547409878882114
March,Rajasthan,81,250081.55,361596.29,267985.62,44.59135030153164
April,Rajasthan,81,255480.73,366995.47,272004.83,43.64898284109332
May,Rajasthan,82,255345.98,366860.72,272514.02,43.67201708051169
June,Rajasthan,76,266039.71,465524.18,247042.72,74.98296776823278
July,Rajasthan,74,316591.24,332166.69,272259.78,4.919734986981956
Feb,Sikkim,17,33314.72,42915.98,32007.15,28.81987301709275
March,Sikkim,17,33314.72,42915.98,32720.04,28.81987301709275
April,Sikkim,17,33314.72,42915.98,33117.78,28.81987301709275
May,Sikkim,17,33314.72,42915.98,33457.38,28.81987301709275
June,Sikkim,19,95068.85,231598.79,82982.58,143.61164566522052
July,Sikkim,21,134454.41,84759.0,107502.01,-36.96078841891464
Feb,Tamil Nadu,70,176320.25,182712.87,63410.1,3.6255733530323346
March,Tamil Nadu,70,176925.25,185610.61,68652.31,4.909056225722437
April,Tamil Nadu,70,177373.73,187518.08,71112.04,5.719195283315052
May,Tamil Nadu,70,179008.86,189153.21,72169.19,5.666954138471138
June,Tamil Nadu,61,169522.68,179093.24,75074.76,5.645592672319714
July,Tamil Nadu,65,220043.25,221723.72,106817.51,0.7636998635495528
Feb,Telangana,88,85474.18,105123.11,47566.19,22.98814682983798
March,Telangana,89,85852.0,105464.41,51531.67,22.844441597167222
April,Telangana,91,87533.63,107153.24,52339.46,22.413796845852275
May,Telangana,92,116841.13,135482.35,51868.95,15.954330465650237
June,Telangana,83,171412.07,316440.74,98102.06,84.60820174448625
July,Telangana,75,202755.04,156938.14,111438.38,-22.597169471101676
Feb,Tripura,13,21323.04,22858.42,13038.77,7.200568024071602
March,Tripura,13,21323.04,22858.42,13214.17,7.200568024071602
April,Tripura,13,21323.04,22858.42,13645.42,7.200568024071602
May,Tripura,13,21323.04,22858.42,13713.62,7.200568024071602
June,Tripura,14,82600.55,211002.4,62613.92,155.4491465250534
July,Tripura,17,131859.11,74046.8,93385.17,-43.844001373890656
Feb,Uttar Pradesh,180,429013.4,504586.99,286639.37,17.61567121213462
March,Uttar Pradesh,177,396749.25,472008.46,262117.33,18.9689608739021
April,Uttar Pradesh,182,401452.12,476742.08,266899.6,18.754405880332634
May,Uttar Pradesh,184,388034.22,457808.07,248166.69,17.981365148671692
June,Uttar Pradesh,170,441003.08,638282.35,302866.4,44.734215915226706
July,Uttar Pradesh,168,536436.18,548156.03,342271.33,2.1847612888452033
Feb,Uttarakhand,48,76978.62,91601.92,56935.86,18.996573334258272
March,Uttarakhand,51,73824.5,83851.77,51397.53,13.58257759957738
April,Uttarakhand,51,73824.5,83906.8,51788.57,13.657119249029797
May,Uttarakhand,51,73824.5,83906.8,52477.24,13.657119249029797
June,Uttarakhand,49,133826.93,270734.79,102065.57,102.30217490605216
July,Uttarakhand,52,146179.29,96740.21,103701.12,-33.82085109320205
Feb,West Bengal,86,151520.45,165472.81,78190.43,9.208235588001477
March,West Bengal,84,150362.19,164314.55,79175.37,9.27916785463153
April,West Bengal,82,147446.81,161399.17,79608.82,9.462639442657332
May,West Bengal,80,144731.31,158710.71,80039.81,9.658863724787674
June,West Bengal,81,205345.79,346201.04,133846.35,68.59417473326333
July,West Bengal,78,232645.9,184454.21,141576.32,-20.714609627764773
